{"\u4e2d\u5357\u767e\u8349\u539f": [119.662854, 30.678513], "\u4e91\u4e0a\u8349\u539f": [119.661214, 30.452862], "\u4f59\u6751\u666f\u533a": [119.611085, 30.530665], "\u5b89\u5409\u7af9\u535a\u56ed": [119.667327, 30.59742], "\u85cf\u9f99\u767e\u7011": [119.617473, 30.44538], "\u6c5f\u5357\u5929\u6c60": [119.600502, 30.471173], "\u7075\u6eaa\u5c71\u98ce\u666f\u533a": [119.646998, 30.477688], "\u6d59\u5317\u5927\u5ce1\u8c37": [119.528384, 30.447614], "\u51e4\u51f0\u5c71\u666f\u533a": [119.713867, 30.623228]}